displayName,role,tag
GITHUB-24X-Managers,Managers,24X
GITHUB-252-Managers,Managers,252
null,Managers,25Y
null,Managers,26P
GITHUB-289-Managers,Managers,289
GITHUB-2A7-Managers,Managers,2A7
GITHUB-2AW-Managers,Managers,2AW
GITHUB-2BW-Managers,Managers,2BW
GITHUB-2CJ-Managers,Managers,2CJ
GITHUB-2D8-Managers,Managers,2D8
GITHUB-2DF-Managers,Managers,2DF
GITHUB-2DK-Managers,Managers,2DK
GITHUB-2E4-Managers,Managers,2.00E+04
GITHUB-2HS-Managers,Managers,2HS
GITHUB-2J2-Managers,Managers,2J2
GITHUB-2J7-Managers,Managers,2J7
GITHUB-2JC-Managers,Managers,2JC
GITHUB-2KN-Managers,Managers,2KN
GITHUB-2KX-Managers,Managers,2KX
GITHUB-2M9-Managers,Managers,2M9
GITHUB-2QH-Managers,Managers,2QH
GITHUB-2QK-Managers,Managers,2QK
null,Managers,2QR
GITHUB-2R8-Managers,Managers,2R8
GITHUB-2S6-Managers,Managers,2S6
GITHUB-2TR-Managers,Managers,2TR
GITHUB-2XB-Managers,Managers,2XB
GITHUB-2YV-Managers,Managers,2YV
GITHUB-2YX-Managers,Managers,2YX
GITHUB-334-Managers,Managers,334
null,Managers,34Z
GITHUB-358-Managers,Managers,358
GITHUB-35X-Managers,Managers,35X
GITHUB-36Q-Managers,Managers,36Q
GITHUB-37C-Managers,Managers,37C
GITHUB-37F-Managers,Managers,37F
GITHUB-3AP-Managers,Managers,3AP
null,Managers,3B5
GITHUB-3DE-Managers,Managers,3DE
GITHUB-3EC-Managers,Managers,3EC
GITHUB-3EY-Managers,Managers,3EY
GITHUB-3F8-Managers,Managers,3F8
GITHUB-3HN-Managers,Managers,3HN
GITHUB-3KS-Managers,Managers,3KS
GITHUB-3KV-Managers,Managers,3KV
GITHUB-3KZ-Managers,Managers,3KZ
GITHUB-3M8-Managers,Managers,3M8
GITHUB-3MP-Managers,Managers,3MP
GITHUB-3ND-Managers,Managers,3ND
GITHUB-3NF-Managers,Managers,3NF
GITHUB-3NW-Managers,Managers,3NW
GITHUB-3QS-Managers,Managers,3QS
GITHUB-3R3-Managers,Managers,3R3
GITHUB-3R7-Managers,Managers,3R7
GITHUB-3RG-Managers,Managers,3RG
GITHUB-3RY-Managers,Managers,3RY
GITHUB-3SP-Managers,Managers,3SP
GITHUB-3SQ-Managers,Managers,3SQ
null,Managers,3U7
GITHUB-3UZ-Managers,Managers,3UZ
GITHUB-3W4-Managers,Managers,3W4
GITHUB-3WN-Managers,Managers,3WN
GITHUB-3WS-Managers,Managers,3WS
GITHUB-3WT-Managers,Managers,3WT
GITHUB-3WZ-Managers,Managers,3WZ
GITHUB-3YA-Managers,Managers,3YA
GITHUB-3YJ-Managers,Managers,3YJ
GITHUB-3YV-Managers,Managers,3YV
GITHUB-3ZS-Managers,Managers,3ZS
GITHUB-42C-Managers,Managers,42C
GITHUB-42H-Managers,Managers,42H
null,Managers,42M
GITHUB-433-Managers,Managers,433
GITHUB-43P-Managers,Managers,43P
GITHUB-443-Managers,Managers,443
GITHUB-44S-Managers,Managers,44S
GITHUB-457-Managers,Managers,457
null,Managers,45M
GITHUB-46G-Managers,Managers,46G
GITHUB-47P-Managers,Managers,47P
GITHUB-48N-Managers,Managers,48N
GITHUB-48Y-Managers,Managers,48Y
GITHUB-494-Managers,Managers,494
null,Managers,4AJ
GITHUB-4B5-Managers,Managers,4B5
GITHUB-4CK-Managers,Managers,4CK
GITHUB-4CZ-Managers,Managers,4CZ
GITHUB-4D8-Managers,Managers,4D8
GITHUB-4DC-Managers,Managers,4DC
GITHUB-4DX-Managers,Managers,4DX
GITHUB-4EE-Managers,Managers,4EE
GITHUB-4EN-Managers,Managers,4EN
null,Managers,4FW
GITHUB-4H9-Managers,Managers,4H9
GITHUB-4HD-Managers,Managers,4HD
GITHUB-4HP-Managers,Managers,4HP
GITHUB-4JK-Managers,Managers,4JK
GITHUB-4KQ-Managers,Managers,4KQ
GITHUB-4KR-Managers,Managers,4KR
GITHUB-4KS-Managers,Managers,4KS
GITHUB-4KV-Managers,Managers,4KV
null,Managers,4MB
null,Managers,4MG
GITHUB-4P5-Managers,Managers,4P5
GITHUB-4PC-Managers,Managers,4PC
GITHUB-4PX-Managers,Managers,4PX
GITHUB-4QA-Managers,Managers,4QA
null,Managers,4QV
GITHUB-4QW-Managers,Managers,4QW
GITHUB-4SS-Managers,Managers,4SS
null,Managers,4TD
GITHUB-4VH-Managers,Managers,4VH
GITHUB-4W3-Managers,Managers,4W3
GITHUB-4WK-Managers,Managers,4WK
GITHUB-4XK-Managers,Managers,4XK
GITHUB-4YC-Managers,Managers,4YC
GITHUB-4Z4-Managers,Managers,4Z4
GITHUB-4Z6-Managers,Managers,4Z6
GITHUB-527-Managers,Managers,527
GITHUB-52C-Managers,Managers,52C
GITHUB-52J-Managers,Managers,52J
GITHUB-53X-Managers,Managers,53X
null,Managers,54G
GITHUB-54K-Managers,Managers,54K
GITHUB-588-Managers,Managers,588
GITHUB-58F-Managers,Managers,58F
GITHUB-5A4-Managers,Managers,5A4
GITHUB-5AE-Managers,Managers,5AE
GITHUB-5AH-Managers,Managers,5AH
GITHUB-5BG-Managers,Managers,5BG
GITHUB-5CT-Managers,Managers,5CT
GITHUB-5D6-Managers,Managers,5D6
GITHUB-5DT-Managers,Managers,5DT
GITHUB-5DW-Managers,Managers,5DW
GITHUB-5H6-Managers,Managers,5H6
GITHUB-5H9-Managers,Managers,5H9
GITHUB-5M4-Managers,Managers,5M4
GITHUB-5N4-Managers,Managers,5N4
GITHUB-5N9-Managers,Managers,5N9
GITHUB-5P7-Managers,Managers,5P7
GITHUB-5PR-Managers,Managers,5PR
GITHUB-5QB-Managers,Managers,5QB
null,Managers,5QM
GITHUB-5QV-Managers,Managers,5QV
GITHUB-5TR-Managers,Managers,5TR
GITHUB-5TS-Managers,Managers,5TS
null,Managers,5UZ
GITHUB-5VS-Managers,Managers,5VS
GITHUB-5W3-Managers,Managers,5W3
GITHUB-5XF-Managers,Managers,5XF
GITHUB-5XK-Managers,Managers,5XK
GITHUB-5XW-Managers,Managers,5XW
GITHUB-5Y8-Managers,Managers,5Y8
GITHUB-5YA-Managers,Managers,5YA
GITHUB-5ZQ-Managers,Managers,5ZQ
GITHUB-625-Managers,Managers,625
GITHUB-63Z-Managers,Managers,63Z
GITHUB-642-Managers,Managers,642
GITHUB-64A-Managers,Managers,64A
GITHUB-64D-Managers,Managers,64D
GITHUB-64Z-Managers,Managers,64Z
GITHUB-66Y-Managers,Managers,66Y
GITHUB-67U-Managers,Managers,67U
GITHUB-69F-Managers,Managers,69F
GITHUB-69X-Managers,Managers,69X
GITHUB-6A5-Managers,Managers,6A5
GITHUB-6B6-Managers,Managers,6B6
GITHUB-6BC-Managers,Managers,6BC
GITHUB-6E8-Managers,Managers,6.00E+08
GITHUB-6EY-Managers,Managers,6EY
GITHUB-6H7-Managers,Managers,6H7
GITHUB-6HR-Managers,Managers,6HR
null,Managers,6J2
GITHUB-6J3-Managers,Managers,6J3
GITHUB-6JE-Managers,Managers,6JE
null,Managers,6JU
GITHUB-6MQ-Managers,Managers,6MQ
GITHUB-6PK-Managers,Managers,6PK
GITHUB-6PQ-Managers,Managers,6PQ
GITHUB-6Q8-Managers,Managers,6Q8
GITHUB-6RC-Managers,Managers,6RC
GITHUB-6TF-Managers,Managers,6TF
GITHUB-6UJ-Managers,Managers,6UJ
GITHUB-6VD-Managers,Managers,6VD
GITHUB-6VS-Managers,Managers,6VS
GITHUB-6WD-Managers,Managers,6WD
GITHUB-6WR-Managers,Managers,6WR
GITHUB-6YQ-Managers,Managers,6YQ
GITHUB-6YX-Managers,Managers,6YX
GITHUB-6ZN-Managers,Managers,6ZN
GITHUB-72A-Managers,Managers,72A
GITHUB-72S-Managers,Managers,72S
GITHUB-72U-Managers,Managers,72U
GITHUB-73G-Managers,Managers,73G
GITHUB-743-Managers,Managers,743
GITHUB-74P-Managers,Managers,74P
GITHUB-75G-Managers,Managers,75G
GITHUB-76U-Managers,Managers,76U
GITHUB-775-Managers,Managers,775
null,Managers,77X
GITHUB-7B3-Managers,Managers,7B3
GITHUB-7BD-Managers,Managers,7BD
GITHUB-7BR-Managers,Managers,7BR
GITHUB-7CY-Managers,Managers,7CY
GITHUB-7D4-Managers,Managers,7D4
GITHUB-7E2-Managers,Managers,7.00E+02
GITHUB-7E9-Managers,Managers,7.00E+09
null,Managers,7F8
GITHUB-7H7-Managers,Managers,7H7
null,Managers,7HG
GITHUB-7J8-Managers,Managers,7J8
GITHUB-7JK-Managers,Managers,7JK
GITHUB-7KM-Managers,Managers,7KM
GITHUB-7M4-Managers,Managers,7M4
GITHUB-7MD-Managers,Managers,7MD
GITHUB-7N7-Managers,Managers,7N7
GITHUB-7PC-Managers,Managers,7PC
null,Managers,7QU
GITHUB-7RM-Managers,Managers,7RM
GITHUB-7TY-Managers,Managers,7TY
GITHUB-7U9-Managers,Managers,7U9
GITHUB-7V6-Managers,Managers,7V6
GITHUB-7VS-Managers,Managers,7VS
GITHUB-7W4-Managers,Managers,7W4
GITHUB-7WD-Managers,Managers,7WD
GITHUB-7XP-Managers,Managers,7XP
GITHUB-7YK-Managers,Managers,7YK
GITHUB-7ZX-Managers,Managers,7ZX
GITHUB-7ZZ-Managers,Managers,7ZZ
GITHUB-829-Managers,Managers,829
GITHUB-82A-Managers,Managers,82A
GITHUB-83K-Managers,Managers,83K
GITHUB-86Z-Managers,Managers,86Z
GITHUB-87K-Managers,Managers,87K
GITHUB-87P-Managers,Managers,87P
GITHUB-88D-Managers,Managers,88D
null,Managers,89S
null,Managers,8AH
GITHUB-8AR-Managers,Managers,8AR
GITHUB-8BS-Managers,Managers,8BS
GITHUB-8BX-Managers,Managers,8BX
GITHUB-8CY-Managers,Managers,8CY
GITHUB-8D3-Managers,Managers,8D3
null,Managers,8EV
GITHUB-8G5-Managers,Managers,8G5
GITHUB-8GB-Managers,Managers,8GB
GITHUB-8HJ-Managers,Managers,8HJ
GITHUB-8JA-Managers,Managers,8JA
GITHUB-8JJ-Managers,Managers,8JJ
GITHUB-8KJ-Managers,Managers,8KJ
GITHUB-8KX-Managers,Managers,8KX
GITHUB-8M8-Managers,Managers,8M8
GITHUB-8NE-Managers,Managers,8NE
GITHUB-8PV-Managers,Managers,8PV
GITHUB-8Q8-Managers,Managers,8Q8
GITHUB-8RW-Managers,Managers,8RW
GITHUB-8SE-Managers,Managers,8SE
GITHUB-8UG-Managers,Managers,8UG
GITHUB-8US-Managers,Managers,8US
GITHUB-8V8-Managers,Managers,8V8
GITHUB-8VN-Managers,Managers,8VN
GITHUB-8WH-Managers,Managers,8WH
GITHUB-8Z3-Managers,Managers,8Z3
GITHUB-92P-Managers,Managers,92P
GITHUB-938-Managers,Managers,938
GITHUB-93H-Managers,Managers,93H
GITHUB-93U-Managers,Managers,93U
GITHUB-953-Managers,Managers,953
GITHUB-96Z-Managers,Managers,96Z
GITHUB-97A-Managers,Managers,97A
GITHUB-98M-Managers,Managers,98M
GITHUB-99F-Managers,Managers,99F
GITHUB-99R-Managers,Managers,99R
GITHUB-9B8-Managers,Managers,9B8
GITHUB-9BH-Managers,Managers,9BH
GITHUB-9DA-Managers,Managers,9DA
GITHUB-9FB-Managers,Managers,9FB
GITHUB-9FK-Managers,Managers,9FK
GITHUB-9G3-Managers,Managers,9G3
GITHUB-9GF-Managers,Managers,9GF
GITHUB-9HA-Managers,Managers,9HA
GITHUB-9J7-Managers,Managers,9J7
GITHUB-9J8-Managers,Managers,9J8
GITHUB-9JR-Managers,Managers,9JR
GITHUB-9KP-Managers,Managers,9KP
GITHUB-9MC-Managers,Managers,9MC
GITHUB-9MG-Managers,Managers,9MG
null,Managers,9MU
GITHUB-9N9-Managers,Managers,9N9
GITHUB-9NK-Managers,Managers,9NK
GITHUB-9Q4-Managers,Managers,9Q4
GITHUB-9SV-Managers,Managers,9SV
GITHUB-9T5-Managers,Managers,9T5
GITHUB-9TQ-Managers,Managers,9TQ
GITHUB-9TT-Managers,Managers,9TT
GITHUB-9V9-Managers,Managers,9V9
GITHUB-9VV-Managers,Managers,9VV
GITHUB-9WF-Managers,Managers,9WF
GITHUB-9Y7-Managers,Managers,9Y7
GITHUB-9YU-Managers,Managers,9YU
GITHUB-A4B-Managers,Managers,A4B
GITHUB-A4D-Managers,Managers,A4D
null,Managers,A5P
GITHUB-A6M-Managers,Managers,A6M
GITHUB-A72-Managers,Managers,A72
GITHUB-A7H-Managers,Managers,A7H
GITHUB-A7Y-Managers,Managers,A7Y
GITHUB-A88-Managers,Managers,A88
null,Managers,AAD
GITHUB-AAE-Managers,Managers,AAE
GITHUB-AAH-Managers,Managers,AAH
GITHUB-AAT-Managers,Managers,AAT
GITHUB-AAU-Managers,Managers,AAU
GITHUB-AB4-Managers,Managers,AB4
GITHUB-ABU-Managers,Managers,ABU
GITHUB-ACA-Managers,Managers,ACA
GITHUB-ACW-Managers,Managers,ACW
GITHUB-AD3-Managers,Managers,AD3
GITHUB-AEN-Managers,Managers,AEN
GITHUB-AFX-Managers,Managers,AFX
null,Managers,AG6
GITHUB-AGH-Managers,Managers,AGH
GITHUB-AGR-Managers,Managers,AGR
GITHUB-AH2-Managers,Managers,AH2
GITHUB-AJG-Managers,Managers,AJG
null,Managers,AJH
GITHUB-AM6-Managers,Managers,AM6
GITHUB-AMS-Managers,Managers,AMS
GITHUB-ANM-Managers,Managers,ANM
GITHUB-APP-Managers,Managers,APP
GITHUB-APZ-Managers,Managers,APZ
GITHUB-AQZ-Managers,Managers,AQZ
GITHUB-AR2-Managers,Managers,AR2
GITHUB-AR8-Managers,Managers,AR8
GITHUB-ARQ-Managers,Managers,ARQ
GITHUB-ARX-Managers,Managers,ARX
GITHUB-ATM-Managers,Managers,ATM
GITHUB-AU3-Managers,Managers,AU3
GITHUB-AUW-Managers,Managers,AUW
GITHUB-AVG-Managers,Managers,AVG
GITHUB-AVH-Managers,Managers,AVH
GITHUB-AVK-Managers,Managers,AVK
GITHUB-AVT-Managers,Managers,AVT
GITHUB-AYG-Managers,Managers,AYG
GITHUB-AZJ-Managers,Managers,AZJ
null,Managers,AZK
GITHUB-B2T-Managers,Managers,B2T
GITHUB-B4D-Managers,Managers,B4D
GITHUB-B4W-Managers,Managers,B4W
GITHUB-B7W-Managers,Managers,B7W
GITHUB-B7X-Managers,Managers,B7X
GITHUB-B85-Managers,Managers,B85
GITHUB-B96-Managers,Managers,B96
GITHUB-BAV-Managers,Managers,BAV
GITHUB-BAY-Managers,Managers,BAY
GITHUB-BC4-Managers,Managers,BC4
GITHUB-BCQ-Managers,Managers,BCQ
GITHUB-BD2-Managers,Managers,BD2
GITHUB-BDQ-Managers,Managers,BDQ
GITHUB-BE5-Managers,Managers,BE5
GITHUB-BGG-Managers,Managers,BGG
GITHUB-BHA-Managers,Managers,BHA
GITHUB-BJJ-Managers,Managers,BJJ
GITHUB-BKP-Managers,Managers,BKP
null,Managers,BNX
GITHUB-BQE-Managers,Managers,BQE
GITHUB-BRV-Managers,Managers,BRV
GITHUB-BY7-Managers,Managers,BY7
GITHUB-BYV-Managers,Managers,BYV
GITHUB-C2F-Managers,Managers,C2F
GITHUB-C2H-Managers,Managers,C2H
GITHUB-C2X-Managers,Managers,C2X
GITHUB-C5P-Managers,Managers,C5P
GITHUB-C5W-Managers,Managers,C5W
GITHUB-C68-Managers,Managers,C68
GITHUB-C6S-Managers,Managers,C6S
GITHUB-C9D-Managers,Managers,C9D
GITHUB-CAF-Managers,Managers,CAF
GITHUB-CAM-Managers,Managers,CAM
null,Managers,CB6
GITHUB-CBV-Managers,Managers,CBV
GITHUB-CCX-Managers,Managers,CCX
GITHUB-CES-Managers,Managers,CES
GITHUB-CF5-Managers,Managers,CF5
GITHUB-CFF-Managers,Managers,CFF
GITHUB-CFJ-Managers,Managers,CFJ
GITHUB-CFS-Managers,Managers,CFS
null,Managers,CGD
GITHUB-CHG-Managers,Managers,CHG
null,Managers,CM7
null,Managers,CNV
GITHUB-CPS-Managers,Managers,CPS
GITHUB-CPZ-Managers,Managers,CPZ
GITHUB-CRC-Managers,Managers,CRC
GITHUB-CRN-Managers,Managers,CRN
GITHUB-CSA-Managers,Managers,CSA
GITHUB-CTM-Managers,Managers,CTM
GITHUB-CTY-Managers,Managers,CTY
GITHUB-CUT-Managers,Managers,CUT
GITHUB-CUV-Managers,Managers,CUV
GITHUB-CVY-Managers,Managers,CVY
GITHUB-CWE-Managers,Managers,CWE
GITHUB-CWS-Managers,Managers,CWS
GITHUB-CXD-Managers,Managers,CXD
GITHUB-CXM-Managers,Managers,CXM
GITHUB-CYX-Managers,Managers,CYX
GITHUB-CZC-Managers,Managers,CZC
GITHUB-D3X-Managers,Managers,D3X
GITHUB-D52-Managers,Managers,D52
GITHUB-D5N-Managers,Managers,D5N
GITHUB-D74-Managers,Managers,D74
GITHUB-D75-Managers,Managers,D75
GITHUB-D7Y-Managers,Managers,D7Y
GITHUB-D8D-Managers,Managers,D8D
GITHUB-D8F-Managers,Managers,D8F
GITHUB-DA4-Managers,Managers,DA4
GITHUB-DAM-Managers,Managers,DAM
GITHUB-DBA-Managers,Managers,DBA
GITHUB-DDH-Managers,Managers,DDH
GITHUB-DEH-Managers,Managers,DEH
GITHUB-DEU-Managers,Managers,DEU
GITHUB-DEV-Managers,Managers,DEV
GITHUB-DF6-Managers,Managers,DF6
GITHUB-DFT-Managers,Managers,DFT
GITHUB-DG7-Managers,Managers,DG7
GITHUB-DJF-Managers,Managers,DJF
GITHUB-DM3-Managers,Managers,DM3
GITHUB-DPH-Managers,Managers,DPH
GITHUB-DPY-Managers,Managers,DPY
GITHUB-DQG-Managers,Managers,DQG
GITHUB-DRS-Managers,Managers,DRS
GITHUB-DSA-Managers,Managers,DSA
GITHUB-DTK-Managers,Managers,DTK
GITHUB-DTQ-Managers,Managers,DTQ
GITHUB-DWN-Managers,Managers,DWN
GITHUB-DX7-Managers,Managers,DX7
GITHUB-E7C-Managers,Managers,E7C
GITHUB-E8M-Managers,Managers,E8M
GITHUB-ED4-Managers,Managers,ED4
GITHUB-EDD-Managers,Managers,EDD
null,Managers,EDU
null,Managers,EEB
GITHUB-EFU-Managers,Managers,EFU
GITHUB-EHN-Managers,Managers,EHN
GITHUB-EK3-Managers,Managers,EK3
GITHUB-ENN-Managers,Managers,ENN
GITHUB-EP2-Managers,Managers,EP2
GITHUB-EP7-Managers,Managers,EP7
GITHUB-EPP-Managers,Managers,EPP
GITHUB-ER8-Managers,Managers,ER8
GITHUB-ETA-Managers,Managers,ETA
GITHUB-ETE-Managers,Managers,ETE
GITHUB-EUH-Managers,Managers,EUH
GITHUB-EV3-Managers,Managers,EV3
GITHUB-EWM-Managers,Managers,EWM
GITHUB-EXM-Managers,Managers,EXM
GITHUB-EYS-Managers,Managers,EYS
GITHUB-F2A-Managers,Managers,F2A
GITHUB-F37-Managers,Managers,F37
GITHUB-F53-Managers,Managers,F53
GITHUB-F57-Managers,Managers,F57
GITHUB-F7Y-Managers,Managers,F7Y
GITHUB-F86-Managers,Managers,F86
GITHUB-F8H-Managers,Managers,F8H
GITHUB-F99-Managers,Managers,F99
GITHUB-F9Q-Managers,Managers,F9Q
GITHUB-FAD-Managers,Managers,FAD
GITHUB-FAR-Managers,Managers,FAR
GITHUB-FBD-Managers,Managers,FBD
GITHUB-FDR-Managers,Managers,FDR
GITHUB-FF6-Managers,Managers,FF6
GITHUB-FFC-Managers,Managers,FFC
GITHUB-FH8-Managers,Managers,FH8
GITHUB-FJA-Managers,Managers,FJA
GITHUB-FJW-Managers,Managers,FJW
GITHUB-FK2-Managers,Managers,FK2
GITHUB-FKC-Managers,Managers,FKC
GITHUB-FMZ-Managers,Managers,FMZ
GITHUB-FPH-Managers,Managers,FPH
null,Managers,FPK
GITHUB-FR3-Managers,Managers,FR3
GITHUB-FRD-Managers,Managers,FRD
GITHUB-FSQ-Managers,Managers,FSQ
GITHUB-FTB-Managers,Managers,FTB
GITHUB-FTJ-Managers,Managers,FTJ
GITHUB-FTW-Managers,Managers,FTW
GITHUB-FUE-Managers,Managers,FUE
null,Managers,FW4
GITHUB-FWJ-Managers,Managers,FWJ
GITHUB-FX5-Managers,Managers,FX5
GITHUB-FXH-Managers,Managers,FXH
GITHUB-FYW-Managers,Managers,FYW
GITHUB-FZ8-Managers,Managers,FZ8
GITHUB-FZQ-Managers,Managers,FZQ
GITHUB-G47-Managers,Managers,G47
GITHUB-G4R-Managers,Managers,G4R
GITHUB-G5T-Managers,Managers,G5T
GITHUB-G6A-Managers,Managers,G6A
null,Managers,G6H
GITHUB-G6K-Managers,Managers,G6K
GITHUB-G8T-Managers,Managers,G8T
GITHUB-G9H-Managers,Managers,G9H
GITHUB-G9N-Managers,Managers,G9N
GITHUB-G9Q-Managers,Managers,G9Q
GITHUB-GA6-Managers,Managers,GA6
GITHUB-GAB-Managers,Managers,GAB
GITHUB-GAT-Managers,Managers,GAT
GITHUB-GBA-Managers,Managers,GBA
null,Managers,GCK
GITHUB-GD3-Managers,Managers,GD3
GITHUB-GFD-Managers,Managers,GFD
GITHUB-GFS-Managers,Managers,GFS
GITHUB-GG2-Managers,Managers,GG2
GITHUB-GG3-Managers,Managers,GG3
GITHUB-GGU-Managers,Managers,GGU
GITHUB-GJE-Managers,Managers,GJE
GITHUB-GJH-Managers,Managers,GJH
GITHUB-GKG-Managers,Managers,GKG
GITHUB-GM9-Managers,Managers,GM9
GITHUB-GPM-Managers,Managers,GPM
GITHUB-GPQ-Managers,Managers,GPQ
GITHUB-GSE-Managers,Managers,GSE
GITHUB-GSN-Managers,Managers,GSN
GITHUB-GTX-Managers,Managers,GTX
GITHUB-GUB-Managers,Managers,GUB
GITHUB-GUE-Managers,Managers,GUE
GITHUB-GUJ-Managers,Managers,GUJ
GITHUB-GV6-Managers,Managers,GV6
GITHUB-GW3-Managers,Managers,GW3
GITHUB-GW8-Managers,Managers,GW8
GITHUB-GXA-Managers,Managers,GXA
null,Managers,GXX
GITHUB-GY9-Managers,Managers,GY9
GITHUB-GZ2-Managers,Managers,GZ2
GITHUB-GZ9-Managers,Managers,GZ9
GITHUB-GZU-Managers,Managers,GZU
GITHUB-H34-Managers,Managers,H34
GITHUB-H3X-Managers,Managers,H3X
GITHUB-H5D-Managers,Managers,H5D
GITHUB-H5G-Managers,Managers,H5G
GITHUB-H63-Managers,Managers,H63
GITHUB-H67-Managers,Managers,H67
GITHUB-H6Q-Managers,Managers,H6Q
GITHUB-H6Z-Managers,Managers,H6Z
GITHUB-H77-Managers,Managers,H77
GITHUB-H79-Managers,Managers,H79
GITHUB-H7Q-Managers,Managers,H7Q
GITHUB-H92-Managers,Managers,H92
GITHUB-HAY-Managers,Managers,HAY
GITHUB-HCV-Managers,Managers,HCV
GITHUB-HDF-Managers,Managers,HDF
GITHUB-HEM-Managers,Managers,HEM
GITHUB-HFU-Managers,Managers,HFU
GITHUB-HGA-Managers,Managers,HGA
GITHUB-HH2-Managers,Managers,HH2
GITHUB-HHZ-Managers,Managers,HHZ
GITHUB-HJA-Managers,Managers,HJA
GITHUB-HJD-Managers,Managers,HJD
GITHUB-HJN-Managers,Managers,HJN
null,Managers,HKW
GITHUB-HMN-Managers,Managers,HMN
GITHUB-HN3-Managers,Managers,HN3
GITHUB-HNU-Managers,Managers,HNU
GITHUB-HNV-Managers,Managers,HNV
GITHUB-HP8-Managers,Managers,HP8
GITHUB-HPY-Managers,Managers,HPY
GITHUB-HQ8-Managers,Managers,HQ8
GITHUB-HQH-Managers,Managers,HQH
GITHUB-HQW-Managers,Managers,HQW
GITHUB-HR7-Managers,Managers,HR7
GITHUB-HXS-Managers,Managers,HXS
GITHUB-HYH-Managers,Managers,HYH
GITHUB-HYR-Managers,Managers,HYR
GITHUB-HZ2-Managers,Managers,HZ2
GITHUB-J2J-Managers,Managers,J2J
GITHUB-J3R-Managers,Managers,J3R
GITHUB-J46-Managers,Managers,J46
GITHUB-J4Y-Managers,Managers,J4Y
GITHUB-J5G-Managers,Managers,J5G
GITHUB-J5V-Managers,Managers,J5V
GITHUB-J6X-Managers,Managers,J6X
null,Managers,J76
GITHUB-J87-Managers,Managers,J87
GITHUB-J8J-Managers,Managers,J8J
GITHUB-J92-Managers,Managers,J92
GITHUB-JB7-Managers,Managers,JB7
GITHUB-JCK-Managers,Managers,JCK
GITHUB-JCV-Managers,Managers,JCV
GITHUB-JD8-Managers,Managers,JD8
GITHUB-JEJ-Managers,Managers,JEJ
GITHUB-JFD-Managers,Managers,JFD
GITHUB-JG2-Managers,Managers,JG2
GITHUB-JHH-Managers,Managers,JHH
GITHUB-JJQ-Managers,Managers,JJQ
GITHUB-JN4-Managers,Managers,JN4
GITHUB-JNE-Managers,Managers,JNE
GITHUB-JNH-Managers,Managers,JNH
GITHUB-JNJ-Managers,Managers,JNJ
GITHUB-JP7-Managers,Managers,JP7
GITHUB-JPN-Managers,Managers,JPN
GITHUB-JPR-Managers,Managers,JPR
GITHUB-JPY-Managers,Managers,JPY
GITHUB-JQ3-Managers,Managers,JQ3
GITHUB-JQR-Managers,Managers,JQR
GITHUB-JRP-Managers,Managers,JRP
GITHUB-JUP-Managers,Managers,JUP
GITHUB-JVZ-Managers,Managers,JVZ
GITHUB-JWB-Managers,Managers,JWB
GITHUB-JWH-Managers,Managers,JWH
GITHUB-JXQ-Managers,Managers,JXQ
GITHUB-JXY-Managers,Managers,JXY
GITHUB-JY3-Managers,Managers,JY3
null,Managers,JYH
GITHUB-JZ5-Managers,Managers,JZ5
GITHUB-JZV-Managers,Managers,JZV
GITHUB-K2F-Managers,Managers,K2F
GITHUB-K3S-Managers,Managers,K3S
GITHUB-K4H-Managers,Managers,K4H
GITHUB-K6D-Managers,Managers,K6D
GITHUB-K7K-Managers,Managers,K7K
GITHUB-K88-Managers,Managers,K88
GITHUB-K8G-Managers,Managers,K8G
GITHUB-K8T-Managers,Managers,K8T
GITHUB-K9C-Managers,Managers,K9C
GITHUB-K9M-Managers,Managers,K9M
GITHUB-K9U-Managers,Managers,K9U
GITHUB-KAD-Managers,Managers,KAD
GITHUB-KB4-Managers,Managers,KB4
GITHUB-KD8-Managers,Managers,KD8
GITHUB-KEH-Managers,Managers,KEH
GITHUB-KFP-Managers,Managers,KFP
GITHUB-KFT-Managers,Managers,KFT
null,Managers,KH4
GITHUB-KH9-Managers,Managers,KH9
GITHUB-KHP-Managers,Managers,KHP
GITHUB-KHQ-Managers,Managers,KHQ
GITHUB-KHX-Managers,Managers,KHX
GITHUB-KJH-Managers,Managers,KJH
GITHUB-KKG-Managers,Managers,KKG
GITHUB-KPD-Managers,Managers,KPD
GITHUB-KRY-Managers,Managers,KRY
GITHUB-KSK-Managers,Managers,KSK
null,Managers,KSZ
GITHUB-KT7-Managers,Managers,KT7
GITHUB-KU4-Managers,Managers,KU4
GITHUB-KUQ-Managers,Managers,KUQ
GITHUB-KXB-Managers,Managers,KXB
GITHUB-KZK-Managers,Managers,KZK
GITHUB-KZZ-Managers,Managers,KZZ
GITHUB-M4C-Managers,Managers,M4C
GITHUB-M4Q-Managers,Managers,M4Q
GITHUB-M5S-Managers,Managers,M5S
GITHUB-M69-Managers,Managers,M69
GITHUB-M89-Managers,Managers,M89
null,Managers,MAR
GITHUB-MCV-Managers,Managers,MCV
null,Managers,MD7
GITHUB-MDY-Managers,Managers,MDY
GITHUB-MFA-Managers,Managers,MFA
GITHUB-MG4-Managers,Managers,MG4
GITHUB-MHC-Managers,Managers,MHC
GITHUB-MHV-Managers,Managers,MHV
GITHUB-MJH-Managers,Managers,MJH
GITHUB-MN2-Managers,Managers,MN2
GITHUB-MNG-Managers,Managers,MNG
GITHUB-MNR-Managers,Managers,MNR
GITHUB-MS2-Managers,Managers,MS2
GITHUB-MTJ-Managers,Managers,MTJ
GITHUB-MVE-Managers,Managers,MVE
GITHUB-MW9-Managers,Managers,MW9
GITHUB-MWR-Managers,Managers,MWR
GITHUB-MWY-Managers,Managers,MWY
GITHUB-MY7-Managers,Managers,MY7
GITHUB-MYB-Managers,Managers,MYB
GITHUB-MYC-Managers,Managers,MYC
GITHUB-N2B-Managers,Managers,N2B
GITHUB-N3M-Managers,Managers,N3M
GITHUB-N3W-Managers,Managers,N3W
GITHUB-N54-Managers,Managers,N54
GITHUB-N5E-Managers,Managers,N5E
GITHUB-N6T-Managers,Managers,N6T
GITHUB-N6Y-Managers,Managers,N6Y
GITHUB-N7M-Managers,Managers,N7M
GITHUB-N7X-Managers,Managers,N7X
GITHUB-N9F-Managers,Managers,N9F
GITHUB-NA7-Managers,Managers,NA7
GITHUB-NAY-Managers,Managers,NAY
GITHUB-NCC-Managers,Managers,NCC
GITHUB-NDF-Managers,Managers,NDF
GITHUB-NE6-Managers,Managers,NE6
GITHUB-NEN-Managers,Managers,NEN
GITHUB-NFS-Managers,Managers,NFS
GITHUB-NHU-Managers,Managers,NHU
GITHUB-NJM-Managers,Managers,NJM
GITHUB-NJQ-Managers,Managers,NJQ
null,Managers,NJT
GITHUB-NPA-Managers,Managers,NPA
GITHUB-NQQ-Managers,Managers,NQQ
GITHUB-NTB-Managers,Managers,NTB
GITHUB-NTS-Managers,Managers,NTS
GITHUB-NXA-Managers,Managers,NXA
GITHUB-NXF-Managers,Managers,NXF
GITHUB-NYG-Managers,Managers,NYG
GITHUB-NZB-Managers,Managers,NZB
GITHUB-NZT-Managers,Managers,NZT
null,Managers,P26
GITHUB-P2K-Managers,Managers,P2K
GITHUB-P2N-Managers,Managers,P2N
GITHUB-P3R-Managers,Managers,P3R
GITHUB-P3Y-Managers,Managers,P3Y
GITHUB-P55-Managers,Managers,P55
GITHUB-P59-Managers,Managers,P59
GITHUB-P69-Managers,Managers,P69
GITHUB-P8D-Managers,Managers,P8D
GITHUB-P8W-Managers,Managers,P8W
GITHUB-PA6-Managers,Managers,PA6
GITHUB-PAW-Managers,Managers,PAW
GITHUB-PDD-Managers,Managers,PDD
GITHUB-PDN-Managers,Managers,PDN
GITHUB-PEN-Managers,Managers,PEN
GITHUB-PES-Managers,Managers,PES
GITHUB-PFC-Managers,Managers,PFC
GITHUB-PFN-Managers,Managers,PFN
GITHUB-PFQ-Managers,Managers,PFQ
GITHUB-PGH-Managers,Managers,PGH
GITHUB-PJ9-Managers,Managers,PJ9
GITHUB-PJZ-Managers,Managers,PJZ
GITHUB-PM4-Managers,Managers,PM4
GITHUB-PMZ-Managers,Managers,PMZ
GITHUB-PN6-Managers,Managers,PN6
GITHUB-PNV-Managers,Managers,PNV
GITHUB-PPU-Managers,Managers,PPU
GITHUB-PQ6-Managers,Managers,PQ6
GITHUB-PQ9-Managers,Managers,PQ9
null,Managers,PQJ
GITHUB-PRN-Managers,Managers,PRN
GITHUB-PSH-Managers,Managers,PSH
GITHUB-PT5-Managers,Managers,PT5
GITHUB-PV3-Managers,Managers,PV3
GITHUB-PVJ-Managers,Managers,PVJ
GITHUB-PX5-Managers,Managers,PX5
GITHUB-PZA-Managers,Managers,PZA
GITHUB-Q2C-Managers,Managers,Q2C
GITHUB-Q5R-Managers,Managers,Q5R
GITHUB-Q6P-Managers,Managers,Q6P
GITHUB-Q7E-Managers,Managers,Q7E
GITHUB-Q7J-Managers,Managers,Q7J
GITHUB-Q87-Managers,Managers,Q87
null,Managers,Q8N
GITHUB-Q8S-Managers,Managers,Q8S
null,Managers,QA2
GITHUB-QAN-Managers,Managers,QAN
GITHUB-QAU-Managers,Managers,QAU
GITHUB-QAW-Managers,Managers,QAW
null,Managers,QDD
GITHUB-QED-Managers,Managers,QED
GITHUB-QF5-Managers,Managers,QF5
GITHUB-QF6-Managers,Managers,QF6
GITHUB-QGM-Managers,Managers,QGM
GITHUB-QJV-Managers,Managers,QJV
null,Managers,QMQ
GITHUB-QN8-Managers,Managers,QN8
GITHUB-QNF-Managers,Managers,QNF
GITHUB-QNZ-Managers,Managers,QNZ
GITHUB-QQC-Managers,Managers,QQC
GITHUB-QRJ-Managers,Managers,QRJ
GITHUB-QRY-Managers,Managers,QRY
GITHUB-QS4-Managers,Managers,QS4
GITHUB-QSN-Managers,Managers,QSN
GITHUB-QSR-Managers,Managers,QSR
GITHUB-QUG-Managers,Managers,QUG
GITHUB-QUU-Managers,Managers,QUU
GITHUB-QVC-Managers,Managers,QVC
GITHUB-QVH-Managers,Managers,QVH
GITHUB-QZE-Managers,Managers,QZE
GITHUB-QZM-Managers,Managers,QZM
GITHUB-R3A-Managers,Managers,R3A
GITHUB-R52-Managers,Managers,R52
GITHUB-R6X-Managers,Managers,R6X
GITHUB-R7U-Managers,Managers,R7U
GITHUB-R7X-Managers,Managers,R7X
GITHUB-R93-Managers,Managers,R93
GITHUB-RAM-Managers,Managers,RAM
null,Managers,RDQ
null,Managers,REB
GITHUB-RF7-Managers,Managers,RF7
GITHUB-RFB-Managers,Managers,RFB
GITHUB-RFE-Managers,Managers,RFE
GITHUB-RFJ-Managers,Managers,RFJ
GITHUB-RFK-Managers,Managers,RFK
GITHUB-RFS-Managers,Managers,RFS
GITHUB-RKG-Managers,Managers,RKG
GITHUB-RKS-Managers,Managers,RKS
GITHUB-RNH-Managers,Managers,RNH
GITHUB-RSP-Managers,Managers,RSP
GITHUB-RSW-Managers,Managers,RSW
GITHUB-RU4-Managers,Managers,RU4
GITHUB-RUM-Managers,Managers,RUM
GITHUB-RX3-Managers,Managers,RX3
null,Managers,RY2
GITHUB-RZT-Managers,Managers,RZT
GITHUB-S5X-Managers,Managers,S5X
GITHUB-S6A-Managers,Managers,S6A
GITHUB-S74-Managers,Managers,S74
GITHUB-SB7-Managers,Managers,SB7
GITHUB-SBE-Managers,Managers,SBE
GITHUB-SE7-Managers,Managers,SE7
GITHUB-SFK-Managers,Managers,SFK
GITHUB-SGJ-Managers,Managers,SGJ
GITHUB-SGW-Managers,Managers,SGW
GITHUB-SH2-Managers,Managers,SH2
GITHUB-SHT-Managers,Managers,SHT
GITHUB-SJU-Managers,Managers,SJU
null,Managers,SKH
GITHUB-SMA-Managers,Managers,SMA
GITHUB-SMV-Managers,Managers,SMV
GITHUB-SN2-Managers,Managers,SN2
GITHUB-SNX-Managers,Managers,SNX
null,Managers,SQ4
GITHUB-SQP-Managers,Managers,SQP
GITHUB-SQV-Managers,Managers,SQV
GITHUB-SR7-Managers,Managers,SR7
GITHUB-SRZ-Managers,Managers,SRZ
GITHUB-SSC-Managers,Managers,SSC
null,Managers,SSZ
GITHUB-STH-Managers,Managers,STH
GITHUB-STX-Managers,Managers,STX
GITHUB-SUX-Managers,Managers,SUX
GITHUB-SWC-Managers,Managers,SWC
GITHUB-SWG-Managers,Managers,SWG
GITHUB-SY4-Managers,Managers,SY4
null,Managers,SYG
GITHUB-SZQ-Managers,Managers,SZQ
GITHUB-SZU-Managers,Managers,SZU
GITHUB-T2K-Managers,Managers,T2K
GITHUB-T47-Managers,Managers,T47
GITHUB-T6U-Managers,Managers,T6U
GITHUB-T8P-Managers,Managers,T8P
GITHUB-T9D-Managers,Managers,T9D
null,Managers,T9E
GITHUB-TAQ-Managers,Managers,TAQ
GITHUB-TB9-Managers,Managers,TB9
GITHUB-TBR-Managers,Managers,TBR
GITHUB-TC8-Managers,Managers,TC8
GITHUB-TDH-Managers,Managers,TDH
GITHUB-TDV-Managers,Managers,TDV
GITHUB-TE8-Managers,Managers,TE8
null,Managers,TER
GITHUB-TET-Managers,Managers,TET
GITHUB-TGJ-Managers,Managers,TGJ
GITHUB-TGT-Managers,Managers,TGT
GITHUB-TJ6-Managers,Managers,TJ6
GITHUB-TJT-Managers,Managers,TJT
null,Managers,TKA
GITHUB-TN3-Managers,Managers,TN3
GITHUB-TPG-Managers,Managers,TPG
GITHUB-TPK-Managers,Managers,TPK
GITHUB-TQG-Managers,Managers,TQG
GITHUB-TS9-Managers,Managers,TS9
GITHUB-TSY-Managers,Managers,TSY
GITHUB-TTF-Managers,Managers,TTF
GITHUB-TTG-Managers,Managers,TTG
GITHUB-TX3-Managers,Managers,TX3
GITHUB-TYY-Managers,Managers,TYY
GITHUB-TZW-Managers,Managers,TZW
GITHUB-U46-Managers,Managers,U46
GITHUB-U5X-Managers,Managers,U5X
GITHUB-U62-Managers,Managers,U62
GITHUB-U67-Managers,Managers,U67
GITHUB-U69-Managers,Managers,U69
GITHUB-U6M-Managers,Managers,U6M
GITHUB-U6X-Managers,Managers,U6X
GITHUB-U7B-Managers,Managers,U7B
GITHUB-U8D-Managers,Managers,U8D
GITHUB-U9F-Managers,Managers,U9F
GITHUB-UAH-Managers,Managers,UAH
GITHUB-UAJ-Managers,Managers,UAJ
GITHUB-UCD-Managers,Managers,UCD
GITHUB-UCY-Managers,Managers,UCY
GITHUB-UDG-Managers,Managers,UDG
null,Managers,UDK
GITHUB-UE7-Managers,Managers,UE7
GITHUB-UEH-Managers,Managers,UEH
GITHUB-UFJ-Managers,Managers,UFJ
GITHUB-UG8-Managers,Managers,UG8
GITHUB-UGH-Managers,Managers,UGH
GITHUB-UHH-Managers,Managers,UHH
GITHUB-UJP-Managers,Managers,UJP
GITHUB-UJQ-Managers,Managers,UJQ
GITHUB-UJU-Managers,Managers,UJU
GITHUB-UKB-Managers,Managers,UKB
GITHUB-UMJ-Managers,Managers,UMJ
GITHUB-UMY-Managers,Managers,UMY
GITHUB-UP7-Managers,Managers,UP7
GITHUB-URM-Managers,Managers,URM
GITHUB-URX-Managers,Managers,URX
GITHUB-US7-Managers,Managers,US7
GITHUB-USE-Managers,Managers,USE
GITHUB-USV-Managers,Managers,USV
GITHUB-UTF-Managers,Managers,UTF
GITHUB-UTK-Managers,Managers,UTK
GITHUB-UUM-Managers,Managers,UUM
GITHUB-UUR-Managers,Managers,UUR
GITHUB-UVJ-Managers,Managers,UVJ
GITHUB-UVK-Managers,Managers,UVK
GITHUB-UY3-Managers,Managers,UY3
null,Managers,UZU
GITHUB-V2K-Managers,Managers,V2K
GITHUB-V43-Managers,Managers,V43
GITHUB-V47-Managers,Managers,V47
GITHUB-V49-Managers,Managers,V49
GITHUB-V4E-Managers,Managers,V4E
GITHUB-V4P-Managers,Managers,V4P
GITHUB-V68-Managers,Managers,V68
GITHUB-V69-Managers,Managers,V69
GITHUB-V6Y-Managers,Managers,V6Y
GITHUB-V85-Managers,Managers,V85
GITHUB-V99-Managers,Managers,V99
GITHUB-V9P-Managers,Managers,V9P
GITHUB-VAK-Managers,Managers,VAK
GITHUB-VCJ-Managers,Managers,VCJ
GITHUB-VEN-Managers,Managers,VEN
GITHUB-VGE-Managers,Managers,VGE
GITHUB-VHS-Managers,Managers,VHS
GITHUB-VJJ-Managers,Managers,VJJ
GITHUB-VJP-Managers,Managers,VJP
GITHUB-VKS-Managers,Managers,VKS
GITHUB-VMS-Managers,Managers,VMS
GITHUB-VNE-Managers,Managers,VNE
null,Managers,VNH
GITHUB-VNU-Managers,Managers,VNU
GITHUB-VPU-Managers,Managers,VPU
null,Managers,VSD
GITHUB-VU4-Managers,Managers,VU4
null,Managers,VUP
GITHUB-VYW-Managers,Managers,VYW
GITHUB-VZ2-Managers,Managers,VZ2
GITHUB-VZN-Managers,Managers,VZN
null,Managers,W2Y
GITHUB-W3K-Managers,Managers,W3K
GITHUB-W5F-Managers,Managers,W5F
null,Managers,W68
GITHUB-W6F-Managers,Managers,W6F
GITHUB-W6W-Managers,Managers,W6W
GITHUB-W9C-Managers,Managers,W9C
GITHUB-W9G-Managers,Managers,W9G
GITHUB-WD8-Managers,Managers,WD8
GITHUB-WDA-Managers,Managers,WDA
GITHUB-WDF-Managers,Managers,WDF
null,Managers,WDU
GITHUB-WFJ-Managers,Managers,WFJ
GITHUB-WHM-Managers,Managers,WHM
null,Managers,WKT
GITHUB-WMB-Managers,Managers,WMB
GITHUB-WMJ-Managers,Managers,WMJ
GITHUB-WMP-Managers,Managers,WMP
GITHUB-WMX-Managers,Managers,WMX
null,Managers,WQW
GITHUB-WRH-Managers,Managers,WRH
GITHUB-WSQ-Managers,Managers,WSQ
GITHUB-WSW-Managers,Managers,WSW
null,Managers,WT4
null,Managers,WVV
GITHUB-WW6-Managers,Managers,WW6
GITHUB-WWM-Managers,Managers,WWM
null,Managers,WWT
GITHUB-WXK-Managers,Managers,WXK
GITHUB-WXR-Managers,Managers,WXR
GITHUB-WXV-Managers,Managers,WXV
GITHUB-WYG-Managers,Managers,WYG
GITHUB-X29-Managers,Managers,X29
GITHUB-X2J-Managers,Managers,X2J
GITHUB-X3C-Managers,Managers,X3C
GITHUB-X3J-Managers,Managers,X3J
GITHUB-X3Z-Managers,Managers,X3Z
GITHUB-X6J-Managers,Managers,X6J
GITHUB-X6U-Managers,Managers,X6U
GITHUB-X7Y-Managers,Managers,X7Y
GITHUB-X8E-Managers,Managers,X8E
GITHUB-X8G-Managers,Managers,X8G
GITHUB-X8S-Managers,Managers,X8S
GITHUB-X9P-Managers,Managers,X9P
GITHUB-XBT-Managers,Managers,XBT
GITHUB-XDV-Managers,Managers,XDV
GITHUB-XEY-Managers,Managers,XEY
null,Managers,XF4
GITHUB-XFQ-Managers,Managers,XFQ
GITHUB-XGG-Managers,Managers,XGG
null,Managers,XGK
GITHUB-XH6-Managers,Managers,XH6
GITHUB-XHK-Managers,Managers,XHK
GITHUB-XJA-Managers,Managers,XJA
GITHUB-XJG-Managers,Managers,XJG
GITHUB-XK2-Managers,Managers,XK2
GITHUB-XM7-Managers,Managers,XM7
GITHUB-XMA-Managers,Managers,XMA
GITHUB-XMM-Managers,Managers,XMM
GITHUB-XMX-Managers,Managers,XMX
GITHUB-XNB-Managers,Managers,XNB
GITHUB-XP2-Managers,Managers,XP2
null,Managers,XP9
GITHUB-XPF-Managers,Managers,XPF
GITHUB-XPX-Managers,Managers,XPX
GITHUB-XQ5-Managers,Managers,XQ5
GITHUB-XQ6-Managers,Managers,XQ6
GITHUB-XQZ-Managers,Managers,XQZ
GITHUB-XRP-Managers,Managers,XRP
GITHUB-XSY-Managers,Managers,XSY
GITHUB-XTE-Managers,Managers,XTE
GITHUB-XUS-Managers,Managers,XUS
null,Managers,XV5
GITHUB-XVD-Managers,Managers,XVD
GITHUB-XW6-Managers,Managers,XW6
GITHUB-XWF-Managers,Managers,XWF
null,Managers,XXM
GITHUB-XXY-Managers,Managers,XXY
GITHUB-XZD-Managers,Managers,XZD
GITHUB-Y2R-Managers,Managers,Y2R
GITHUB-Y2Y-Managers,Managers,Y2Y
GITHUB-Y4K-Managers,Managers,Y4K
GITHUB-Y54-Managers,Managers,Y54
null,Managers,Y5Q
GITHUB-Y68-Managers,Managers,Y68
GITHUB-Y6S-Managers,Managers,Y6S
GITHUB-Y6W-Managers,Managers,Y6W
GITHUB-Y7C-Managers,Managers,Y7C
GITHUB-Y7K-Managers,Managers,Y7K
GITHUB-Y7P-Managers,Managers,Y7P
GITHUB-Y7R-Managers,Managers,Y7R
GITHUB-Y8N-Managers,Managers,Y8N
GITHUB-YA9-Managers,Managers,YA9
GITHUB-YB6-Managers,Managers,YB6
null,Managers,YCP
GITHUB-YEM-Managers,Managers,YEM
GITHUB-YG2-Managers,Managers,YG2
GITHUB-YGE-Managers,Managers,YGE
GITHUB-YGG-Managers,Managers,YGG
GITHUB-YGT-Managers,Managers,YGT
null,Managers,YH8
GITHUB-YHJ-Managers,Managers,YHJ
GITHUB-YHU-Managers,Managers,YHU
GITHUB-YHY-Managers,Managers,YHY
GITHUB-YKX-Managers,Managers,YKX
GITHUB-YSH-Managers,Managers,YSH
GITHUB-YSK-Managers,Managers,YSK
GITHUB-YTQ-Managers,Managers,YTQ
GITHUB-YYC-Managers,Managers,YYC
GITHUB-YYE-Managers,Managers,YYE
GITHUB-YZP-Managers,Managers,YZP
GITHUB-Z2Z-Managers,Managers,Z2Z
GITHUB-Z3R-Managers,Managers,Z3R
GITHUB-Z5Z-Managers,Managers,Z5Z
null,Managers,Z6Z
GITHUB-Z7B-Managers,Managers,Z7B
GITHUB-Z7D-Managers,Managers,Z7D
GITHUB-Z8G-Managers,Managers,Z8G
GITHUB-Z8T-Managers,Managers,Z8T
GITHUB-Z9C-Managers,Managers,Z9C
GITHUB-ZCZ-Managers,Managers,ZCZ
GITHUB-ZEN-Managers,Managers,ZEN
GITHUB-ZHK-Managers,Managers,ZHK
GITHUB-ZHS-Managers,Managers,ZHS
null,Managers,ZJK
GITHUB-ZJQ-Managers,Managers,ZJQ
GITHUB-ZK2-Managers,Managers,ZK2
GITHUB-ZK8-Managers,Managers,ZK8
GITHUB-ZKA-Managers,Managers,ZKA
GITHUB-ZMB-Managers,Managers,ZMB
GITHUB-ZN6-Managers,Managers,ZN6
GITHUB-ZNZ-Managers,Managers,ZNZ
GITHUB-ZQF-Managers,Managers,ZQF
GITHUB-ZQJ-Managers,Managers,ZQJ
GITHUB-ZQT-Managers,Managers,ZQT
GITHUB-ZQY-Managers,Managers,ZQY
GITHUB-ZRF-Managers,Managers,ZRF
GITHUB-ZSD-Managers,Managers,ZSD
GITHUB-ZSP-Managers,Managers,ZSP
null,Managers,ZSS
GITHUB-ZTB-Managers,Managers,ZTB
null,Managers,ZTE
GITHUB-ZTF-Managers,Managers,ZTF
GITHUB-ZUA-Managers,Managers,ZUA
GITHUB-ZV5-Managers,Managers,ZV5
GITHUB-ZWN-Managers,Managers,ZWN
GITHUB-ZX3-Managers,Managers,ZX3
GITHUB-ZXD-Managers,Managers,ZXD
GITHUB-ZY4-Managers,Managers,ZY4
GITHUB-ZYM-Managers,Managers,ZYM
GITHUB-ZYQ-Managers,Managers,ZYQ
GITHUB-ZZ2-Managers,Managers,ZZ2
GITHUB-ZZH-Managers,Managers,ZZH
GITHUB-ZZW-Managers,Managers,ZZW
